Название светильника,Цена,Ссылка
Подвесной светильник Сансет Black,2990руб.,https://www.divan.ru/product/podvesnoj-svetilnik-sanset-black
Настольная лампа Машрум Gold,2990руб.,https://www.divan.ru/product/nastolnaya-lampa-mashrum-gold
Торшер Билли Black,13 990руб.,https://www.divan.ru/product/torsher-billi-black
Подвесной светильник Бабл-9,15 990руб.,https://www.divan.ru/product/podvesnoj-svetilnik-babl-9
Торшер Бабл-1,5990руб.,https://www.divan.ru/product/torsher-babl-1
Подвесной светильник Бабл-3,5990руб.,https://www.divan.ru/product/podvesnoj-svetilnik-babl-3
Бра Бабл Black,1790руб.,https://www.divan.ru/product/bra-babl-black
Настольная лампа Дэнди Black,4590руб.,https://www.divan.ru/product/nastolnaya-lampa-dendi-black
Настольная лампа Дэнди White,3990руб.,https://www.divan.ru/product/nastolnaya-lampa-dendi-white
Торшер Варио White,5990руб.,https://www.divan.ru/product/torsher-vario-white
Бра Варио Black,790руб.,https://www.divan.ru/product/bra-vario-black
Бра Варио White,790руб.,https://www.divan.ru/product/bra-vario-white
Подвесной светильник Сансет White,2990руб.,https://www.divan.ru/product/podvesnoj-svetilnik-sanset-white
Подвесной светильник Кэндел Black,2590руб.,https://www.divan.ru/product/podvesnoj-svetilnik-kendel-black
Подвесной светильник Кэндел White,1990руб.,https://www.divan.ru/product/podvesnoj-svetilnik-kendel-white
Торшер Вена Beige,8590руб.,https://www.divan.ru/product/torsher-vena-beige
Настольная лампа Сфера Orange,4590руб.,https://www.divan.ru/product/nastolnaya-lampa-sfera-orange
Торшер Осло Black,14 990руб.,https://www.divan.ru/product/torsher-oslo-black
Подвесной светильник Кая Black,2490руб.,https://www.divan.ru/product/podvesnoj-svetilnik-kaya-black
Торшер Вена Black,9990руб.,https://www.divan.ru/product/torsher-vena-black
Подвесной светильник Кая White,2490руб.,https://www.divan.ru/product/podvesnoj-svetilnik-kaya-white
Торшер Осло White,14 990руб.,https://www.divan.ru/product/torsher-oslo-white
Настольная лампа Сканди White,4490руб.,https://www.divan.ru/product/nastolnaya-lampa-skandi-white
Настольная лампа Гровер Glass,3990руб.,https://www.divan.ru/product/nastolnaya-lampa-grover-glass
Настольная лампа Сфера Black,3990руб.,https://www.divan.ru/product/nastolnaya-lampa-sfera-black
Настольная лампа Машрум Grey,2990руб.,https://www.divan.ru/product/nastolnaya-lampa-mashrum-grey
Настольная лампа Спайк Orange,990руб.,https://www.divan.ru/product/nastolnaya-lampa-spajk-orange
Настольная лампа Спайк Green,990руб.,https://www.divan.ru/product/nastolnaya-lampa-spajk-green
Торшер Клауд White,13 990руб.,https://www.divan.ru/product/torsher-klaud-white
Настольная лампа Клауд White,8990руб.,https://www.divan.ru/product/nastolnaya-lampa-klaud-white
Настольная лампа Рэй Black,2990руб.,https://www.divan.ru/product/nastolnaya-lampa-rej-black
Настольная лампа Рэй White,2990руб.,https://www.divan.ru/product/nastolnaya-lampa-rej-white
Торшер Рэй White,4590руб.,https://www.divan.ru/product/torsher-rej-white
Торшер Рэй Black,4590руб.,https://www.divan.ru/product/torsher-rej-black
Подвесной светильник Портланд Black,3190руб.,https://www.divan.ru/product/podvesnoj-svetilnik-portland-black
Настольная лампа Гросс White,2990руб.,https://www.divan.ru/product/nastolnaya-lampa-gross-white
Торшер Гросс White,4990руб.,https://www.divan.ru/product/torsher-gross-white
Торшер Мун Black,4990руб.,https://www.divan.ru/product/torsher-mun-black
Торшер Билли White,13 990руб.,https://www.divan.ru/product/torsher-billi-white
Торшер Варио Black,5990руб.,https://www.divan.ru/product/torsher-vario-black
Настольная лампа Раффи Round,5790руб.,https://www.divan.ru/product/nastolnaya-lampa-raffi-round
Торшер Раффи Round,8890руб.,https://www.divan.ru/product/torsher-raffi-round
Бра Moderli Alina,3390руб.,https://www.divan.ru/product/bra-moderli-alina
Подвесной светильник Маро Green,11 690руб.,https://www.divan.ru/product/podvesnoj-svetilnik-maro-green
Бра Tarbes-2,3290руб.,https://www.divan.ru/product/bra-tarbes-2
Светильник потолочный Matthew,4990руб.,https://www.divan.ru/product/svetilnik-potolochnyj-matthew
Настольная лампа Junior-4,2990руб.,https://www.divan.ru/product/nastolnaya-lampa-junior-4
Торшер Шани Black,11 390руб.,https://www.divan.ru/product/torsher-shani-black
